{"mean": {"temperature": 280.3954257565095, "temperature_min": 278.8320165767457, "temperature_max": 282.0356446946595, "pressure": 1017.279716944249, "humidity": 72.09797482211275, "wind_velocity_x": 4.6761679122859805, "wind_velocity_y": 16.823405437930557, "day_x": 0.0001823403886278309, "day_y": -0.00015943842452434355, "year_x": 0.17158946219376583, "year_y": 0.1317979519473802}, "std": {"temperature": 9.862584517568587, "temperature_min": 9.8500490103419, "temperature_max": 9.875497055190348, "pressure": 7.153902991284301, "humidity": 16.19309950258013, "wind_velocity_x": 2.161749109363839, "wind_velocity_y": 11.035712315504947, "day_x": 0.7071307005153101, "day_y": 0.7071381138267312, "year_x": 0.6886081141487881, "year_y": 0.692155877687991}}